{
    "tweet_length": {
        "mean": 188.46255060728745,
        "good": 164.2750418760469
    },
    "word_count": {
        "mean": 33.09665991902834,
        "good": 28.635845896147405
    },
    "has_hashtag": {
        "mean": 0.20360998650472334,
        "good": 0.12093802345058627
    },
    "has_mention": {
        "mean": 0.19450067476383265,
        "good": 0.11557788944723618
    },
    "has_url": {
        "mean": 0.041666666666666664,
        "good": 0.004355108877721943
    },
    "contains_caps": {
        "mean": 0.0,
        "good": 0.0
    },
    "contains_emoji": {
        "mean": 0.0,
        "good": 0.0
    },
    "contains_question": {
        "mean": 0.12938596491228072,
        "good": 0.11390284757118928
    },
    "contains_exclamation": {
        "mean": 0.152834008097166,
        "good": 0.15343383584589615
    },
    "avg_word_length": {
        "mean": 5.493257422402159,
        "good": 5.664686767169178
    },
    "punctuation_density": {
        "mean": 0.2209581646423752,
        "good": 0.2265293132328308
    },
    "sentiment_score": {
        "mean": 0.369817088650419,
        "good": 0.3378043619739173
    },
    "reading_ease": {
        "mean": 45.068149602240176,
        "good": 43.35362128436128
    },
    "subjectivity_score": {
        "mean": 0.36140333851806045,
        "good": 0.357832776567231
    },
    "polarity_score": {
        "mean": 0.6194617549219952,
        "good": 0.6094058980033117
    },
    "named_entities_count": {
        "mean": 0.013326585695006748,
        "good": 0.01641541038525963
    },
    "keyword_density": {
        "mean": 0.0010475708502024291,
        "good": 0.0012629815745393634
    },
    "contains_keywords": {
        "mean": 0.04251012145748988,
        "good": 0.03450586264656617
    },
    "url_count": {
        "mean": 0.044534412955465584,
        "good": 0.005025125628140704
    },
    "caps_word_count": {
        "mean": 0.0,
        "good": 0.0
    },
    "emoji_count": {
        "mean": 0.0,
        "good": 0.0
    },
    "sentence_count": {
        "mean": 2.2916666666666665,
        "good": 2.063651591289782
    }
}